{"cameraMode":{"drawMode":0,"name":"Shaded","section":"Shading Mode"},"sceneLighting":true,"audioPlay":false,"sceneViewState":{"m_AlwaysRefresh":false,"showFog":true,"showSkybox":true,"showFlares":true,"showImageEffects":true,"showParticleSystems":true,"showVisualEffectGraphs":true,"m_FxEnabled":true},"in2DMode":false,"pivot":{"x":3.4148569107055666,"y":34.03996658325195,"z":-49.427669525146487},"rotation":{"x":-0.34714651107788088,"y":0.020268462598323823,"z":-0.007496962323784828,"w":-0.9375718235969544},"size":1.234741449356079,"orthographic":false}