{"cameraMode":{"drawMode":0,"name":"Shaded","section":"Shading Mode"},"sceneLighting":true,"audioPlay":false,"sceneViewState":{"m_AlwaysRefresh":false,"showFog":true,"showSkybox":true,"showFlares":true,"showImageEffects":true,"showParticleSystems":true,"showVisualEffectGraphs":true,"m_FxEnabled":true},"in2DMode":false,"pivot":{"x":22.779922485351564,"y":33.45814895629883,"z":-19.230756759643556},"rotation":{"x":-0.41141512989997866,"y":0.3952026963233948,"z":-0.20440660417079926,"w":-0.7954806685447693},"size":0.8660253882408142,"orthographic":false}